<?xml version="1.0" encoding="utf-8"?>
<install type="module" version="1.6" client="administrator" method="upgrade">
    <name>Minima myShortcuts</name>
    <author>Marco Barbosa</author>
    <creationDate>May 2010</creationDate>
    <copyright>Copyright (C) 2010 Marco Barbosa. All rights reserved.</copyright>
    <license>GNU General Public License version 2 or later; see LICENSE.txt</license>
    <authorEmail>iam@marcobarbosa.com</authorEmail>
    <authorUrl>http://marcobarbosa.com</authorUrl>
    <version>0.9</version>
    <description>This module provides a shortcuts bar for the minima template.</description>
    <!-- Installer Hooks -->
    <scriptfile>mod_myshortcuts.script.php</scriptfile>
    <!-- Extension Update Specification -->
    <updateservers>
        <server type="extension" priority="1" name="Minima Update Site">http://minimatemplate.com/update/modules/mod_myshortcuts/extension.xml</server>
        <server type="collection" priority="2" name="Minima Update Site">http://minimatemplate.com/update/update.xml</server>
    </updateservers>
    <!--  Dependencies -->
    <dependencies>
        <dependency type="platform" name="joomla" operator="=" version="1.6" />
    </dependencies>
    <!-- Files -->
    <files>
        <filename module="mod_myshortcuts">mod_myshortcuts.php</filename>
        <filename>helper.php</filename>
        <filename>index.html</filename>
        <folder>tmpl</folder>
    </files>
    <!-- Languages -->
    <languages>
        <language tag="en-GB">language/en-GB/en-GB.mod_myshortcuts.ini</language>
        <language tag="de-DE">language/de-DE/de-DE.mod_myshortcuts.ini</language>
        <language tag="en-GB">language/en-GB/en-GB.mod_myshortcuts.ini</language>
        <language tag="es-ES">language/es-ES/es-ES.mod_myshortcuts.ini</language>
        <language tag="es-ES">language/es-ES/es-ES.mod_myshortcuts.ini</language>
        <language tag="es-AR">language/es-AR/es-AR.mod_myshortcuts.ini</language>
        <language tag="nb-NO">language/nb-NO/nb-NO.mod_myshortcuts.ini</language>
        <language tag="pt-BR">language/pt-BR/pt-BR.mod_myshortcuts.ini</language>
        <language tag="ru-RU">language/ru-RU/ru-RU.mod_myshortcuts.ini</language>
        <language tag="sv-SE">language/sv-SE/sv-SE.mod_myshortcuts.ini</language>
    </languages>
    <!-- Params -->
    <config>
        <fields name="params">
            <fieldset name="basic">
                <field
                    name="show_add_link"
                    type="list"
                    default="1"
                    label="Show link"
                    description="Show the 'Add shortcut' link on the bar ?">
                    <option
                        value="0">No</option>
                    <option
                        value="1">Yes</option>
                </field>
            </fieldset>
        </fields>
    </config>
</install>
